{"W1": [[0.7610377251469934, 0.12167501649282841, 0.44386323274542566, 0.33367432737426683, 1.4940790731576061], [-0.20515826376580087, 0.31306770165090136, -0.8540957393017248, -2.5529898158340787, 0.6536185954403606]], "W2": [[0.8644361988595057], [-0.7421650204064419], [2.2697546239876076], [-1.4543656745987648], [0.04575851730144607]]}